timestamp_utc,request_id,model_version,checkpoint_sha256,device,threshold,resize_policy,status,error_type,error_message,input_filename,input_width,input_height,input_pixels,preprocessing_ms,model_ms,postprocessing_ms,total_ms,predicted_water_fraction,output_width,output_height,output_values
2026-08-01T18:13:18.071117+00:00,benchmark-000,segformer-v3.0.0,dc0af932cfbcb2f3ea9cfa0e18e0f8438636027de2579d534412f7472b4521a4,cuda,0.45,letterbox,ok,,,water_body_2496.jpg,334,435,145290,17.146186000900343,20.820255279541016,3.8551319994439837,42.02735099897836,0.13353293413173653,334,435,"[0, 1]"
2026-08-01T18:13:18.115912+00:00,benchmark-001,segformer-v3.0.0,dc0af932cfbcb2f3ea9cfa0e18e0f8438636027de2579d534412f7472b4521a4,cuda,0.45,letterbox,ok,,,water_body_2496.jpg,334,435,145290,14.87088700014283,20.71820831298828,3.2478609991812846,39.026627000566805,0.13353293413173653,334,435,"[0, 1]"
2026-08-01T18:13:18.157666+00:00,benchmark-002,segformer-v3.0.0,dc0af932cfbcb2f3ea9cfa0e18e0f8438636027de2579d534412f7472b4521a4,cuda,0.45,letterbox,ok,,,water_body_2496.jpg,334,435,145290,13.94697799878486,20.739999771118164,3.4754169992083916,38.32746199987014,0.13353293413173653,334,435,"[0, 1]"
2026-08-01T18:13:18.199164+00:00,benchmark-003,segformer-v3.0.0,dc0af932cfbcb2f3ea9cfa0e18e0f8438636027de2579d534412f7472b4521a4,cuda,0.45,letterbox,ok,,,water_body_2496.jpg,334,435,145290,13.84415699976671,20.747743606567383,3.387917000509333,38.1823039988376,0.13353293413173653,334,435,"[0, 1]"
2026-08-01T18:13:18.240187+00:00,benchmark-004,segformer-v3.0.0,dc0af932cfbcb2f3ea9cfa0e18e0f8438636027de2579d534412f7472b4521a4,cuda,0.45,letterbox,ok,,,water_body_2496.jpg,334,435,145290,13.645015000292915,20.7172794342041,3.569530999811832,38.13110400005826,0.13353293413173653,334,435,"[0, 1]"
2026-08-01T18:13:18.281053+00:00,benchmark-005,segformer-v3.0.0,dc0af932cfbcb2f3ea9cfa0e18e0f8438636027de2579d534412f7472b4521a4,cuda,0.45,letterbox,ok,,,water_body_2496.jpg,334,435,145290,13.947848001407692,20.722719192504883,3.5524159993656212,38.432376999480766,0.13353293413173653,334,435,"[0, 1]"
2026-08-01T18:13:18.322261+00:00,benchmark-006,segformer-v3.0.0,dc0af932cfbcb2f3ea9cfa0e18e0f8438636027de2579d534412f7472b4521a4,cuda,0.45,letterbox,ok,,,water_body_2496.jpg,334,435,145290,13.50544699926104,20.737056732177734,3.6098119999223854,38.044765999075025,0.13353293413173653,334,435,"[0, 1]"
2026-08-01T18:13:18.363344+00:00,benchmark-007,segformer-v3.0.0,dc0af932cfbcb2f3ea9cfa0e18e0f8438636027de2579d534412f7472b4521a4,cuda,0.45,letterbox,ok,,,water_body_2496.jpg,334,435,145290,15.442739000718575,20.717376708984375,3.579954000088037,39.945100999830174,0.13353293413173653,334,435,"[0, 1]"
2026-08-01T18:13:18.406153+00:00,benchmark-008,segformer-v3.0.0,dc0af932cfbcb2f3ea9cfa0e18e0f8438636027de2579d534412f7472b4521a4,cuda,0.45,letterbox,ok,,,water_body_2496.jpg,334,435,145290,13.734295000176644,19.297664642333984,3.384241999810911,36.59775000051013,0.13353293413173653,334,435,"[0, 1]"
2026-08-01T18:13:18.445501+00:00,benchmark-009,segformer-v3.0.0,dc0af932cfbcb2f3ea9cfa0e18e0f8438636027de2579d534412f7472b4521a4,cuda,0.45,letterbox,ok,,,water_body_2496.jpg,334,435,145290,13.50798600105918,17.794815063476562,3.5446889996819664,35.02637700148625,0.13353293413173653,334,435,"[0, 1]"
2026-08-01T18:13:18.483421+00:00,benchmark-010,segformer-v3.0.0,dc0af932cfbcb2f3ea9cfa0e18e0f8438636027de2579d534412f7472b4521a4,cuda,0.45,letterbox,ok,,,water_body_2496.jpg,334,435,145290,14.265649000662961,17.94361686706543,3.2270699994114693,35.62016199975915,0.13353293413173653,334,435,"[0, 1]"
2026-08-01T18:13:18.521951+00:00,benchmark-011,segformer-v3.0.0,dc0af932cfbcb2f3ea9cfa0e18e0f8438636027de2579d534412f7472b4521a4,cuda,0.45,letterbox,ok,,,water_body_2496.jpg,334,435,145290,13.581007999164285,17.83020782470703,3.1689740008005174,34.7548600002483,0.13353293413173653,334,435,"[0, 1]"
2026-08-01T18:13:18.559289+00:00,benchmark-012,segformer-v3.0.0,dc0af932cfbcb2f3ea9cfa0e18e0f8438636027de2579d534412f7472b4521a4,cuda,0.45,letterbox,ok,,,water_body_2496.jpg,334,435,145290,13.768447000984452,17.782976150512695,3.1792750014574267,34.89821299990581,0.13353293413173653,334,435,"[0, 1]"
2026-08-01T18:13:18.596743+00:00,benchmark-013,segformer-v3.0.0,dc0af932cfbcb2f3ea9cfa0e18e0f8438636027de2579d534412f7472b4521a4,cuda,0.45,letterbox,ok,,,water_body_2496.jpg,334,435,145290,14.632391999839456,17.811967849731445,3.3831680011644494,35.996745000375086,0.13353293413173653,334,435,"[0, 1]"
2026-08-01T18:13:18.635636+00:00,benchmark-014,segformer-v3.0.0,dc0af932cfbcb2f3ea9cfa0e18e0f8438636027de2579d534412f7472b4521a4,cuda,0.45,letterbox,ok,,,water_body_2496.jpg,334,435,145290,13.476334999722894,15.337056159973145,3.5491900016495492,32.53041499920073,0.13353293413173653,334,435,"[0, 1]"
2026-08-01T18:13:18.671058+00:00,benchmark-015,segformer-v3.0.0,dc0af932cfbcb2f3ea9cfa0e18e0f8438636027de2579d534412f7472b4521a4,cuda,0.45,letterbox,ok,,,water_body_2496.jpg,334,435,145290,13.536467000449193,15.40998363494873,4.00827000157733,33.15406299952883,0.13353293413173653,334,435,"[0, 1]"
2026-08-01T18:13:18.706927+00:00,benchmark-016,segformer-v3.0.0,dc0af932cfbcb2f3ea9cfa0e18e0f8438636027de2579d534412f7472b4521a4,cuda,0.45,letterbox,ok,,,water_body_2496.jpg,334,435,145290,13.875895998353371,15.352736473083496,3.319420999105205,32.75266199852922,0.13353293413173653,334,435,"[0, 1]"
2026-08-01T18:13:18.742385+00:00,benchmark-017,segformer-v3.0.0,dc0af932cfbcb2f3ea9cfa0e18e0f8438636027de2579d534412f7472b4521a4,cuda,0.45,letterbox,ok,,,water_body_2496.jpg,334,435,145290,13.355216000491055,15.308735847473145,3.462646000116365,32.308441999703064,0.13353293413173653,334,435,"[0, 1]"
2026-08-01T18:13:18.777363+00:00,benchmark-018,segformer-v3.0.0,dc0af932cfbcb2f3ea9cfa0e18e0f8438636027de2579d534412f7472b4521a4,cuda,0.45,letterbox,ok,,,water_body_2496.jpg,334,435,145290,14.780120000068564,16.315935134887695,7.752468000035151,39.0195149993815,0.13353293413173653,334,435,"[0, 1]"
2026-08-01T18:13:18.819141+00:00,benchmark-019,segformer-v3.0.0,dc0af932cfbcb2f3ea9cfa0e18e0f8438636027de2579d534412f7472b4521a4,cuda,0.45,letterbox,ok,,,water_body_2496.jpg,334,435,145290,12.320256000748486,15.330975532531738,3.093381999860867,30.909896000594017,0.13353293413173653,334,435,"[0, 1]"
2026-08-01T18:13:18.852903+00:00,benchmark-020,segformer-v3.0.0,dc0af932cfbcb2f3ea9cfa0e18e0f8438636027de2579d534412f7472b4521a4,cuda,0.45,letterbox,ok,,,water_body_2496.jpg,334,435,145290,13.025991998802056,15.350687980651855,3.277302999777021,31.8245639991801,0.13353293413173653,334,435,"[0, 1]"
2026-08-01T18:13:18.887489+00:00,benchmark-021,segformer-v3.0.0,dc0af932cfbcb2f3ea9cfa0e18e0f8438636027de2579d534412f7472b4521a4,cuda,0.45,letterbox,ok,,,water_body_2496.jpg,334,435,145290,13.101071999699343,15.34556770324707,3.3138700000563404,31.92372999910731,0.13353293413173653,334,435,"[0, 1]"
2026-08-01T18:13:18.922140+00:00,benchmark-022,segformer-v3.0.0,dc0af932cfbcb2f3ea9cfa0e18e0f8438636027de2579d534412f7472b4521a4,cuda,0.45,letterbox,ok,,,water_body_2496.jpg,334,435,145290,13.148161000572145,15.327168464660645,3.2655630002409453,31.908977000057348,0.13353293413173653,334,435,"[0, 1]"
2026-08-01T18:13:18.956769+00:00,benchmark-023,segformer-v3.0.0,dc0af932cfbcb2f3ea9cfa0e18e0f8438636027de2579d534412f7472b4521a4,cuda,0.45,letterbox,ok,,,water_body_2496.jpg,334,435,145290,12.957233000634005,15.335424423217773,3.3643280003161635,31.834653000260005,0.13353293413173653,334,435,"[0, 1]"
2026-08-01T18:13:18.991445+00:00,benchmark-024,segformer-v3.0.0,dc0af932cfbcb2f3ea9cfa0e18e0f8438636027de2579d534412f7472b4521a4,cuda,0.45,letterbox,ok,,,water_body_2496.jpg,334,435,145290,13.285307000842295,15.359647750854492,3.1559140006720554,31.977810998796485,0.13353293413173653,334,435,"[0, 1]"
2026-08-01T18:13:19.026166+00:00,benchmark-025,segformer-v3.0.0,dc0af932cfbcb2f3ea9cfa0e18e0f8438636027de2579d534412f7472b4521a4,cuda,0.45,letterbox,ok,,,water_body_2496.jpg,334,435,145290,13.137394000295899,13.828384399414062,3.2200720015680417,30.363109999598237,0.13353293413173653,334,435,"[0, 1]"
2026-08-01T18:13:19.059145+00:00,benchmark-026,segformer-v3.0.0,dc0af932cfbcb2f3ea9cfa0e18e0f8438636027de2579d534412f7472b4521a4,cuda,0.45,letterbox,ok,,,water_body_2496.jpg,334,435,145290,13.359722999666701,13.876704216003418,3.2530360003875103,30.6504580003093,0.13353293413173653,334,435,"[0, 1]"
2026-08-01T18:13:19.092679+00:00,benchmark-027,segformer-v3.0.0,dc0af932cfbcb2f3ea9cfa0e18e0f8438636027de2579d534412f7472b4521a4,cuda,0.45,letterbox,ok,,,water_body_2496.jpg,334,435,145290,13.465359999827342,13.859295845031738,3.2011470011639176,30.694076000145287,0.13353293413173653,334,435,"[0, 1]"
2026-08-01T18:13:19.125928+00:00,benchmark-028,segformer-v3.0.0,dc0af932cfbcb2f3ea9cfa0e18e0f8438636027de2579d534412f7472b4521a4,cuda,0.45,letterbox,ok,,,water_body_2496.jpg,334,435,145290,14.114499999777763,13.752287864685059,3.261187999669346,31.291322000470245,0.13353293413173653,334,435,"[0, 1]"
2026-08-01T18:13:19.159941+00:00,benchmark-029,segformer-v3.0.0,dc0af932cfbcb2f3ea9cfa0e18e0f8438636027de2579d534412f7472b4521a4,cuda,0.45,letterbox,ok,,,water_body_2496.jpg,334,435,145290,13.42458799990709,13.792415618896484,3.2104549991345266,30.625748999227653,0.13353293413173653,334,435,"[0, 1]"
2026-08-01T18:13:19.193188+00:00,benchmark-030,segformer-v3.0.0,dc0af932cfbcb2f3ea9cfa0e18e0f8438636027de2579d534412f7472b4521a4,cuda,0.45,letterbox,ok,,,water_body_2496.jpg,334,435,145290,13.890717000322184,13.76966381072998,3.362096998898778,31.180207999568665,0.13353293413173653,334,435,"[0, 1]"
2026-08-01T18:13:19.227036+00:00,benchmark-031,segformer-v3.0.0,dc0af932cfbcb2f3ea9cfa0e18e0f8438636027de2579d534412f7472b4521a4,cuda,0.45,letterbox,ok,,,water_body_2496.jpg,334,435,145290,13.478904000294278,13.62831974029541,3.335920000608894,30.6076650012983,0.13353293413173653,334,435,"[0, 1]"
2026-08-01T18:13:19.260423+00:00,benchmark-032,segformer-v3.0.0,dc0af932cfbcb2f3ea9cfa0e18e0f8438636027de2579d534412f7472b4521a4,cuda,0.45,letterbox,ok,,,water_body_2496.jpg,334,435,145290,13.6525560010341,13.660832405090332,3.2979699990391964,30.773554000916192,0.13353293413173653,334,435,"[0, 1]"
2026-08-01T18:13:19.293773+00:00,benchmark-033,segformer-v3.0.0,dc0af932cfbcb2f3ea9cfa0e18e0f8438636027de2579d534412f7472b4521a4,cuda,0.45,letterbox,ok,,,water_body_2496.jpg,334,435,145290,13.331579000805505,14.83033561706543,4.788742000528146,33.134855000753305,0.13353293413173653,334,435,"[0, 1]"
2026-08-01T18:13:19.330456+00:00,benchmark-034,segformer-v3.0.0,dc0af932cfbcb2f3ea9cfa0e18e0f8438636027de2579d534412f7472b4521a4,cuda,0.45,letterbox,ok,,,water_body_2496.jpg,334,435,145290,12.903449000077671,13.308320045471191,3.1446769989997847,29.510033999031293,0.13353293413173653,334,435,"[0, 1]"
2026-08-01T18:13:19.362715+00:00,benchmark-035,segformer-v3.0.0,dc0af932cfbcb2f3ea9cfa0e18e0f8438636027de2579d534412f7472b4521a4,cuda,0.45,letterbox,ok,,,water_body_2496.jpg,334,435,145290,13.86901499972737,13.266240119934082,3.036242000234779,30.331594998642686,0.13353293413173653,334,435,"[0, 1]"
2026-08-01T18:13:19.395763+00:00,benchmark-036,segformer-v3.0.0,dc0af932cfbcb2f3ea9cfa0e18e0f8438636027de2579d534412f7472b4521a4,cuda,0.45,letterbox,ok,,,water_body_2496.jpg,334,435,145290,13.895457001126488,13.664992332458496,3.1839909988775617,30.903242999556824,0.13353293413173653,334,435,"[0, 1]"
2026-08-01T18:13:19.429275+00:00,benchmark-037,segformer-v3.0.0,dc0af932cfbcb2f3ea9cfa0e18e0f8438636027de2579d534412f7472b4521a4,cuda,0.45,letterbox,ok,,,water_body_2496.jpg,334,435,145290,13.250093999886303,13.47158432006836,3.3037220000551315,30.18853499997931,0.13353293413173653,334,435,"[0, 1]"
2026-08-01T18:13:19.462150+00:00,benchmark-038,segformer-v3.0.0,dc0af932cfbcb2f3ea9cfa0e18e0f8438636027de2579d534412f7472b4521a4,cuda,0.45,letterbox,ok,,,water_body_2496.jpg,334,435,145290,13.425269000435947,13.429120063781738,3.2442219999211375,30.26880200013693,0.13353293413173653,334,435,"[0, 1]"
2026-08-01T18:13:19.495137+00:00,benchmark-039,segformer-v3.0.0,dc0af932cfbcb2f3ea9cfa0e18e0f8438636027de2579d534412f7472b4521a4,cuda,0.45,letterbox,ok,,,water_body_2496.jpg,334,435,145290,12.76087699989148,13.386719703674316,2.98995599951013,29.310203999557416,0.13353293413173653,334,435,"[0, 1]"
2026-08-01T18:13:19.528083+00:00,benchmark-040,segformer-v3.0.0,dc0af932cfbcb2f3ea9cfa0e18e0f8438636027de2579d534412f7472b4521a4,cuda,0.45,letterbox,ok,,,water_body_2496.jpg,334,435,145290,13.536422999095521,13.146464347839355,3.2058990000223275,30.05184599896893,0.13353293413173653,334,435,"[0, 1]"
2026-08-01T18:13:19.561025+00:00,benchmark-041,segformer-v3.0.0,dc0af932cfbcb2f3ea9cfa0e18e0f8438636027de2579d534412f7472b4521a4,cuda,0.45,letterbox,ok,,,water_body_2496.jpg,334,435,145290,13.263767999887932,13.59280014038086,3.3673090001684614,30.41659699920274,0.13353293413173653,334,435,"[0, 1]"
2026-08-01T18:13:19.594113+00:00,benchmark-042,segformer-v3.0.0,dc0af932cfbcb2f3ea9cfa0e18e0f8438636027de2579d534412f7472b4521a4,cuda,0.45,letterbox,ok,,,water_body_2496.jpg,334,435,145290,16.359404000468203,16.20140838623047,3.5679510001500603,36.34717099885165,0.13353293413173653,334,435,"[0, 1]"
2026-08-01T18:13:19.634049+00:00,benchmark-043,segformer-v3.0.0,dc0af932cfbcb2f3ea9cfa0e18e0f8438636027de2579d534412f7472b4521a4,cuda,0.45,letterbox,ok,,,water_body_2496.jpg,334,435,145290,19.50302299883333,16.536287307739258,3.9174540015665116,40.188102999309194,0.13353293413173653,334,435,"[0, 1]"
2026-08-01T18:13:19.678058+00:00,benchmark-044,segformer-v3.0.0,dc0af932cfbcb2f3ea9cfa0e18e0f8438636027de2579d534412f7472b4521a4,cuda,0.45,letterbox,ok,,,water_body_2496.jpg,334,435,145290,14.999574999819743,13.2128324508667,3.4032690000458388,31.78045899949211,0.13353293413173653,334,435,"[0, 1]"
2026-08-01T18:13:19.712493+00:00,benchmark-045,segformer-v3.0.0,dc0af932cfbcb2f3ea9cfa0e18e0f8438636027de2579d534412f7472b4521a4,cuda,0.45,letterbox,ok,,,water_body_2496.jpg,334,435,145290,13.2831820010324,13.265119552612305,3.343033000419382,30.07358900140389,0.13353293413173653,334,435,"[0, 1]"
2026-08-01T18:13:19.745279+00:00,benchmark-046,segformer-v3.0.0,dc0af932cfbcb2f3ea9cfa0e18e0f8438636027de2579d534412f7472b4521a4,cuda,0.45,letterbox,ok,,,water_body_2496.jpg,334,435,145290,13.238612000350258,13.817472457885742,3.3089199987443862,30.522212000505533,0.13353293413173653,334,435,"[0, 1]"
2026-08-01T18:13:19.778546+00:00,benchmark-047,segformer-v3.0.0,dc0af932cfbcb2f3ea9cfa0e18e0f8438636027de2579d534412f7472b4521a4,cuda,0.45,letterbox,ok,,,water_body_2496.jpg,334,435,145290,14.54980299968156,13.734848022460938,3.4608539990585996,31.91101599986723,0.13353293413173653,334,435,"[0, 1]"
2026-08-01T18:13:19.813288+00:00,benchmark-048,segformer-v3.0.0,dc0af932cfbcb2f3ea9cfa0e18e0f8438636027de2579d534412f7472b4521a4,cuda,0.45,letterbox,ok,,,water_body_2496.jpg,334,435,145290,13.543683000534656,13.515711784362793,3.329474000565824,30.55152999877464,0.13353293413173653,334,435,"[0, 1]"
2026-08-01T18:13:19.846559+00:00,benchmark-049,segformer-v3.0.0,dc0af932cfbcb2f3ea9cfa0e18e0f8438636027de2579d534412f7472b4521a4,cuda,0.45,letterbox,ok,,,water_body_2496.jpg,334,435,145290,13.507224000932183,13.25171184539795,3.3987930000876077,30.322925998916617,0.13353293413173653,334,435,"[0, 1]"
